repositório,url,arquivo,file_exists,clone_error,k6-performance/no-heavy-init-context,k6-performance/no-heavy-init-context_loc,k6-performance/require-check,k6-performance/require-check_loc,k6-performance/require-tags,k6-performance/require-tags_loc,k6-performance/require-thresholds,k6-performance/require-thresholds_loc,smells_presentes,name_vs
arn-ob/script-load-testing,https://github.com/arn-ob/script-load-testing,specs/others/orderPurchaseDup.js,yes,,1,22:17,1,37:1,2,52:20; 82:27,1,26:12,abcd,script_01.json
snothub/snothub.github.io,https://github.com/snothub/snothub.github.io,loadtest-infra/k6scripts/Biometri/Biometri.js,yes,,0,,2,165:17; 217:17,8,176:17; 183:23; 193:23; 205:23; 223:17; 228:23; 238:23; 250:23,1,32:14,bcd,script_02.json
supabase/benchmarks,https://github.com/supabase/benchmarks,examples/storage/upload-multipart/load.js,yes,,1,38:17,0,,4,60:21; 85:25; 103:30; 128:21,1,29:14,acd,script_03.json
trangle-sioux/k6-performance,https://github.com/trangle-sioux/k6-performance,tests/test-types/stress-test.js,yes,,0,,1,21:1,3,22:5; 24:5; 26:5,1,4:14,bcd,script_04.json
khvalbotaihor/k6_14_05_2025,https://github.com/khvalbotaihor/k6_14_05_2025,smoke-test.js,yes,,0,,1,28:1,3,29:5; 31:5; 33:5,1,0,bcd,script_05.json
Chris-Owusu/k6,https://github.com/Chris-Owusu/k6,usingProjectOnCloud.js,yes,,0,,1,15:1,3,16:5; 18:5; 20:5,1,4:14,bcd,script_06.json
QAInsights/Learn-k6-Series,https://github.com/QAInsights/Learn-k6-Series,dataRead_v2/main.js,yes,,2,22:15; 22:26,1,24:1,0,,1,7:14,abd,script_07.json
edusoftpro/js-k6,https://github.com/edusoftpro/js-k6,k6-apijs-examples/01init-context/bin-file.js,yes,,1,4:17,examples/storage/upload-multipart/load.js,6:1,2,9:11; 11:3,0,,abc,script_08.json
supabase/benchmarks,https://github.com/supabase/benchmarks,examples/postgrest/rpc-insert/terraform/k6/load.js,yes,,0,,1,51:1,1,70:19,1,35:14,bcd,script_09.json
firmansyah-github/quarkus-generated-test,https://github.com/firmansyah-github/quarkus-generated-test,src/main/k6/factor.all.k6.collection.js,yes,,0,,0,,98,536:7; 541:7; 602:7; 607:7; 668:7; 673:7; 735:7; 740:7; 801:7; 806:7; 867:7; 872:7; 933:7; 938:7; 1363:7; 1368:7; 1424:7; 1429:7; 1485:7; 1490:7; 1547:7; 1552:7; 1608:7; 1613:7; 1669:7; 1674:7; 1730:7; 1735:7; 2112:7; 2117:7; 2163:7; 2168:7; 2214:7; 2219:7; 2266:7; 2271:7; 2317:7; 2322:7; 2368:7; 2373:7; 2419:7; 2424:7; 2718:7; 2723:7; 2769:7; 2774:7; 2820:7; 2825:7; 2872:7; 2877:7; 2923:7; 2928:7; 2974:7; 2979:7; 3025:7; 3030:7; 3389:7; 3394:7; 3440:7; 3445:7; 3491:7; 3496:7; 3543:7; 3548:7; 3594:7; 3599:7; 3645:7; 3650:7; 3696:7; 3701:7; 3860:7; 3865:7; 3913:7; 3918:7; 3966:7; 3971:7; 4020:7; 4025:7; 4073:7; 4078:7; 4126:7; 4131:7; 4179:7; 4184:7; 4385:7; 4390:7; 4446:7; 4451:7; 4507:7; 4512:7; 4569:7; 4574:7; 4630:7; 4635:7; 4691:7; 4696:7; 4752:7; 4757:7,1,16:12,cd,script_10.json
Zweiblum66/vpams,https://github.com/Zweiblum66/vpams,benchmarks/scenarios/concurrent-users.js,yes,,0,,4,115:17; 174:17; 246:17; 280:17,18,132:13; 138:9; 146:11; 162:9; 196:19; 204:19; 213:19; 229:19; 262:15; 269:23; 302:19; 319:19; 334:26; 348:19; 376:19; 390:19; 404:19; 419:19,0,,bc,script_11.json
Salonee-Jain/k6,https://github.com/Salonee-Jain/k6,website/profileFlow.js,yes,,1,36:18,0,,15,43:33; 50:27; 64:28; 72:30; 108:27; 110:28; 122:34; 134:34; 141:37; 148:32; 158:33; 170:29; 176:25; 195:26; 210:27,0,,ac,script_12.json
firmansyah-github/quarkus-generated-test,https://github.com/firmansyah-github/quarkus-generated-test,src/main/k6/factor.tags.k6.collection.js,yes,,0,,0,,14,285:7; 290:7; 338:7; 343:7; 391:7; 396:7; 445:7; 450:7; 498:7; 503:7; 551:7; 556:7; 604:7; 609:7,1,15:12,cd,script_13.json
criscarlolm/k6-kubernetes-aws-loadtest,https://github.com/criscarlolm/k6-kubernetes-aws-loadtest,eks/js/tcm-6456.js,yes,,0,,0,,10,24:5; 46:5; 63:5; 86:5; 116:5; 126:5; 130:5; 131:5; 132:5; 133:5,1,5:14,cd,script_14.json
Zweiblum66/vpams,https://github.com/Zweiblum66/vpams,benchmarks/scenarios/api-stress-test.js,yes,,0,,1,140:17,9,89:24; 153:7; 231:23; 249:9; 260:25; 302:19; 314:19; 326:19; 343:19,0,,bc,script_15.json
thomas-chiang/k6_sharing,https://github.com/thomas-chiang/k6_sharing,4.http-CURD.js,yes,,0,,0,,9,25:15; 35:20; 44:3; 72:17; 85:17; 87:5; 96:17; 111:20; 113:32,1,5:14,cd,script_16.json
elrison/teste-desempenho-teastore,https://github.com/elrison/teste-desempenho-teastore,k6-teastore/cenario-500-vus.js,yes,,0,,0,,6,13:23; 16:25; 24:22; 27:26; 30:25; 35:26,1,6:14,cd,script_17.json
criscarlolm/k6-kubernetes-aws-loadtest,https://github.com/criscarlolm/k6-kubernetes-aws-loadtest,eks/js/browser-Post-Case.js,yes,,0,,0,,6,32:9; 56:9; 76:9; 96:9; 121:9; 131:9,1,6:14,cd,script_18.json
Interstellarss/faas-share-test,https://github.com/Interstellarss/faas-share-test,profiling/k6-tmp4.js,yes,,1,110:17,5,127:17; 131:17; 135:17; 139:17; 143:17,0,,0,,ab,script_19.json
inspire12/performance-testing-architecture,https://github.com/inspire12/performance-testing-architecture,k6-testing/js/week1/load-test-local.js,yes,,0,,0,,4,58:21; 63:3; 69:3; 75:3,1,14:12,cd,script_20.json
rdpanek/k6,https://github.com/rdpanek/k6,demos/02-examples/fragments/elasticsearch.js,yes,,0,,0,,4,10:15; 14:13; 31:17; 45:15,1,54:18,cd,script_21.json
inspire12/performance-testing-architecture,https://github.com/inspire12/performance-testing-architecture,k6-testing/js/week1/load-test.js,yes,,0,,0,,4,58:21; 63:3; 69:3; 75:3,1,14:12,cd,script_22.json
IceScout26/swagger-petstore-sqa,https://github.com/IceScout26/swagger-petstore-sqa,pet_s3/postPetUploadImage_maintainability.js,yes,,0,,0,,3,37:11; 44:11; 72:3,1,5:12,cd,script_23.json
arn-ob/script-load-testing,https://github.com/arn-ob/script-load-testing,specs/others/signup.js,yes,,0,,0,,3,60:21; 76:22; 84:21,1,14:12,cd,script_24.json
supabase/benchmarks,https://github.com/supabase/benchmarks,examples/realtime/filters/subs.js,yes,,0,,0,,3,126:9; 147:7; 163:3,1,28:14,cd,script_25.json
firmansyah-github/quarkus-generated-test,https://github.com/firmansyah-github/quarkus-generated-test,src/main/k6/libs/shim/core.js,yes,,0,,0,,3,505:7; 518:9; 1261:5,1,241:23,cd,script_26.json
IceScout26/swagger-petstore-sqa,https://github.com/IceScout26/swagger-petstore-sqa,user_s1/userLogin_maintainability.js,yes,,0,,0,,2,42:15; 70:5,1,5:12,cd,script_27.json
vunetsystems/Load-Testing-Tool,https://github.com/vunetsystems/Load-Testing-Tool,k6_final/k6_dashboard_name/traces/trace-analyze-errors.js,yes,,2,38:18; 81:1,0,,0,,1,55:12,ad,script_28.json
vunetsystems/Load-Testing-Tool,https://github.com/vunetsystems/Load-Testing-Tool,k6_final/k6_dashboard_name/linux2.js,yes,,2,11:18; 51:1,0,,0,,1,28:12,ad,script_29.json
IceScout26/swagger-petstore-sqa,https://github.com/IceScout26/swagger-petstore-sqa,user_s1/logout_maintainability.js,yes,,0,,0,,2,40:15; 68:5,1,5:12,cd,script_30.json
ViktorNovak1/DBI-Projekt-5DHIF-Wintersemester-Novak-Gregorich,https://github.com/ViktorNovak1/DBI-Projekt-5DHIF-Wintersemester-Novak-Gregorich,loadTesting/Delete/mongo_ref.js,yes,,0,,0,,2,28:21; 62:21,1,14:12,cd,script_31.json
vunetsystems/Load-Testing-Tool,https://github.com/vunetsystems/Load-Testing-Tool,k6_final/k6_dashboard_name/traces/trace-shared-services-map.js,yes,,2,38:18; 81:1,0,,0,,1,55:12,ad,script_32.json
IceScout26/swagger-petstore-sqa,https://github.com/IceScout26/swagger-petstore-sqa,user_s1/putUsername_maintainability.js,yes,,0,,0,,2,52:15; 80:5,1,5:12,cd,script_33.json
IceScout26/swagger-petstore-sqa,https://github.com/IceScout26/swagger-petstore-sqa,store_s2/getStoreOrder_maintainability.js,yes,,0,,0,,2,36:15; 65:5,1,5:12,cd,script_34.json
triszt4n/streamzen-monorepo,https://github.com/triszt4n/streamzen-monorepo,perftesting/_archive_script.js,yes,,0,,0,,2,14:17; 23:17,1,4:14,cd,script_35.json
vunetsystems/Load-Testing-Tool,https://github.com/vunetsystems/Load-Testing-Tool,k6_final/k6_dashboard_name/traces/trace-transaction.js,yes,,2,38:18; 81:1,0,,0,,1,55:12,ad,script_36.json
inspire12/performance-testing-architecture,https://github.com/inspire12/performance-testing-architecture,k6-testing/js/week1/get-test-local.js,yes,,0,,0,,2,33:21; 36:3,1,8:12,cd,script_37.json
inspire12/performance-testing-architecture,https://github.com/inspire12/performance-testing-architecture,k6-testing/js/week3/get-async.js,yes,,0,,0,,2,33:21; 36:3,1,8:12,cd,script_38.json
rdpanek/k6,https://github.com/rdpanek/k6,demos/features/metrics-counter-thresholds.js,yes,,0,,1,28:1,2,29:21; 39:22,0,,bc,script_39.json
trangle-sioux/k6-performance,https://github.com/trangle-sioux/k6-performance,tests/section3/custom-metrics.js,yes,,0,,1,17:1,2,18:15; 22:11,0,,bc,script_40.json
NhanNguyen20/event-planning-management-system,https://github.com/NhanNguyen20/event-planning-management-system,server/K6TestingScript/LoadTesting/scenario2.js,yes,,0,,0,,2,4026:22; 4052:26,1,4010:12,cd,script_41.json
IceScout26/swagger-petstore-sqa,https://github.com/IceScout26/swagger-petstore-sqa,pet_s3/postPet_maintainability.js,yes,,0,,0,,2,54:15; 82:5,1,5:12,cd,script_42.json
LUCASCNASC/k6-petstore,https://github.com/LUCASCNASC/k6-petstore,spike/store/delete_store_order_orderId.js,yes,,0,,1,21:1,0,,1,4:14,bd,script_43.json
LUCASCNASC/k6-petstore,https://github.com/LUCASCNASC/k6-petstore,load/user/put_user_username.js,yes,,0,,1,21:1,0,,1,4:14,bd,script_44.json
arn-ob/script-load-testing,https://github.com/arn-ob/script-load-testing,specs/others/validate.js,yes,,1,22:17,0,,0,,1,6:12,ad,script_45.json
olgaStadnyk/k6-learning,https://github.com/olgaStadnyk/k6-learning,first-test/first-script-cloud.js,yes,,0,,1,14:1,0,,1,4:14,bd,script_46.json
tonnarruda/k6_performanceTesting,https://github.com/tonnarruda/k6_performanceTesting,modulo2_entendendo_os_tipos_de_testes_de_performance/aula8_breakpoint_test.js,yes,,0,,1,11:1,0,,1,4:14,bd,script_47.json
olgaStadnyk/k6-learning,https://github.com/olgaStadnyk/k6-learning,cloud/cloud-default.js,yes,,0,,1,9:1,0,,1,4:14,bd,script_48.json
criscarlolm/k6-kubernetes-aws-loadtest,https://github.com/criscarlolm/k6-kubernetes-aws-loadtest,eks/js/tcm-6215.js,yes,,0,,1,57:1,0,,1,11:12,bd,script_49.json
LUCASCNASC/k6-petstore,https://github.com/LUCASCNASC/k6-petstore,breakpoint/pet/post_pet.js,yes,,0,,1,13:1,0,,1,4:14,bd,script_50.json
jeffotoni/gusermelicrud,https://github.com/jeffotoni/gusermelicrud,k6/script.put.js,yes,,0,,1,11:1,0,,1,6:12,bd,script_51.json
JamesGrant1811/k6-udemy,https://github.com/JamesGrant1811/k6-udemy,spike-test.js,yes,,0,,1,17:1,0,,1,4:14,bd,script_52.json
andrejarmen751/myshell,https://github.com/andrejarmen751/myshell,modules/docker/k6/scripts/aplic/aplic.js,yes,,0,,1,18:1,0,,1,4:14,bd,script_53.json
LUCASCNASC/k6-petstore,https://github.com/LUCASCNASC/k6-petstore,breakpoint/user/get_user_login.js,yes,,0,,1,13:1,0,,1,4:14,bd,script_54.json
KontonGu/HAS-GPU,https://github.com/KontonGu/HAS-GPU,konton_test/resnet/client/k6.js,yes,,1,19:15,0,,0,,1,8:14,ad,script_55.json
KakoF/Template_Distributed_Arch,https://github.com/KakoF/Template_Distributed_Arch,Docs/K6/modulo3_conceitos_importantes/aula21/shared-iterations.js,yes,,0,,1,15:1,0,,1,4:14,bd,script_56.json
LUCASCNASC/k6-petstore,https://github.com/LUCASCNASC/k6-petstore,breakpoint/pet/delete_pet_petId.js,yes,,0,,1,13:1,0,,1,4:14,bd,script_57.json
LUCASCNASC/k6-petstore,https://github.com/LUCASCNASC/k6-petstore,load/pet/delete_pet_petId.js,yes,,0,,1,21:1,0,,1,4:14,bd,script_58.json
arn-ob/script-load-testing,https://github.com/arn-ob/script-load-testing,specs/others/getExamList.js,yes,,1,16:17,0,,0,,1,20:12,ad,script_59.json
RafaelFerSilva/k6,https://github.com/RafaelFerSilva/k6,curso_k6/modulo3/14-per-vu-iterations.js,yes,,0,,1,15:1,0,,1,4:14,bd,script_60.json
Interstellarss/faas-share-test,https://github.com/Interstellarss/faas-share-test,MLPerf-based-workloads/resnet/client/k6.js,yes,,1,19:15,0,,0,,1,8:14,ad,script_61.json
KakoF/Template_Distributed_Arch,https://github.com/KakoF/Template_Distributed_Arch,Docs/K6/modulo3_conceitos_importantes/aula21/per-vu-iterations.js,yes,,0,,1,15:1,0,,1,4:14,bd,script_62.json
trangle-sioux/k6-performance,https://github.com/trangle-sioux/k6-performance,tests/section6/specify-project.js,yes,,0,,1,12:1,0,,1,4:14,bd,script_63.json
LUCASCNASC/k6-petstore,https://github.com/LUCASCNASC/k6-petstore,stress/store/get_store_order_orderId.js,yes,,0,,1,21:1,0,,1,4:14,bd,script_64.json
LUCASCNASC/k6-petstore,https://github.com/LUCASCNASC/k6-petstore,load/user/post_user_createWithArray.js,yes,,0,,1,21:1,0,,1,4:14,bd,script_65.json
criscarlolm/k6-kubernetes-aws-loadtest,https://github.com/criscarlolm/k6-kubernetes-aws-loadtest,eks/js/tcm-6214.js,yes,,0,,1,46:1,0,,1,11:12,bd,script_66.json
LUCASCNASC/k6-petstore,https://github.com/LUCASCNASC/k6-petstore,load/pet/get_pet_findByStatus.js,yes,,0,,1,21:1,0,,1,4:14,bd,script_67.json
LUCASCNASC/k6-petstore,https://github.com/LUCASCNASC/k6-petstore,breakpoint/user/put_user_username.js,yes,,0,,1,13:1,0,,1,4:14,bd,script_68.json
elrison/test-k6,https://github.com/elrison/test-k6,per-vu-iterations.js,yes,,0,,1,16:1,0,,1,4:14,bd,script_69.json
thomas-chiang/k6_sharing,https://github.com/thomas-chiang/k6_sharing,5.2.random-sleep.js,yes,,0,,1,10:1,0,,1,5:14,bd,script_70.json
AbnerSilvaBarbosa/Test_K6,https://github.com/AbnerSilvaBarbosa/Test_K6,grafana/script.js,yes,,0,,1,17:1,0,,1,4:14,bd,script_71.json
LUCASCNASC/k6-petstore,https://github.com/LUCASCNASC/k6-petstore,spike/store/get_store_order_orderId.js,yes,,0,,1,21:1,0,,1,4:14,bd,script_72.json
LUCASCNASC/k6-petstore,https://github.com/LUCASCNASC/k6-petstore,breakpoint/pet/post_pet_petId.js,yes,,0,,1,13:1,0,,1,4:14,bd,script_73.json
LUCASCNASC/k6-petstore,https://github.com/LUCASCNASC/k6-petstore,stress/pet/delete_pet_petId.js,yes,,0,,1,21:1,0,,1,4:14,bd,script_74.json
LUCASCNASC/k6-petstore,https://github.com/LUCASCNASC/k6-petstore,stress/store/post_store_order.js,yes,,0,,1,21:1,0,,1,4:14,bd,script_75.json
Interstellarss/faas-share-test,https://github.com/Interstellarss/faas-share-test,profiling/k6_shuffle.js,yes,,0,,1,15:1,0,,1,8:14,bd,script_76.json
RafaelFerSilva/k6,https://github.com/RafaelFerSilva/k6,curso_k6/modulo3/15-constants-vus.js,yes,,0,,1,14:1,0,,1,4:14,bd,script_77.json
rdpanek/k6,https://github.com/rdpanek/k6,demos/01-sandbox/00-template.js,yes,,0,,1,13:1,0,,1,8:14,bd,script_78.json
criscarlolm/k6-kubernetes-aws-loadtest,https://github.com/criscarlolm/k6-kubernetes-aws-loadtest,eks/js/tcm-6216.js,yes,,0,,1,52:1,0,,1,11:12,bd,script_79.json
Napat/k6_loadtest,https://github.com/Napat/k6_loadtest,07_testtype/05_soketest.js,yes,,0,,1,18:1,0,,1,10:14,bd,script_80.json
LUCASCNASC/k6-petstore,https://github.com/LUCASCNASC/k6-petstore,stress/pet/post_pet_petId_uploadImage.js,yes,,0,,1,21:1,0,,1,4:14,bd,script_81.json
RafaelFerSilva/k6,https://github.com/RafaelFerSilva/k6,documentation/1-my-first-test.js,yes,,0,,1,11:1,0,,1,7:14,bd,script_82.json
cjchanx/SENG533-Project,https://github.com/cjchanx/SENG533-Project,test_get.js,yes,,0,,1,10:1,0,,1,4:14,bd,script_83.json
LUCASCNASC/k6-petstore,https://github.com/LUCASCNASC/k6-petstore,spike/user/post_user.js,yes,,0,,1,21:1,0,,1,4:14,bd,script_84.json
vunetsystems/Load-Testing-Tool,https://github.com/vunetsystems/Load-Testing-Tool,k6_final/k6_dashboard_name/Alert-Linux-time-range.js,yes,,1,43:18,0,,0,,1,67:12,ad,script_85.json
LUCASCNASC/k6-petstore,https://github.com/LUCASCNASC/k6-petstore,breakpoint/user/post_user_createWhiteList.js,yes,,0,,1,13:1,0,,1,4:14,bd,script_86.json
LUCASCNASC/k6-petstore,https://github.com/LUCASCNASC/k6-petstore,load/pet/post_pet_petId_uploadImage.js,yes,,0,,1,21:1,0,,1,4:14,bd,script_87.json
LUCASCNASC/k6-petstore,https://github.com/LUCASCNASC/k6-petstore,spike/user/get_user_login.js,yes,,0,,1,21:1,0,,1,4:14,bd,script_88.json
edusoftpro/js-k6,https://github.com/edusoftpro/js-k6,k6-doc-examples/02my-first-k6-test.js,yes,,0,,1,14:1,0,,1,9:14,bd,script_89.json
Chris-Owusu/k6,https://github.com/Chris-Owusu/k6,script.js,yes,,0,,1,9:1,0,,1,4:14,bd,script_90.json
criscarlolm/k6-kubernetes-aws-loadtest,https://github.com/criscarlolm/k6-kubernetes-aws-loadtest,eks/js/e2e.js,yes,,0,,0,,10,28:5; 50:5; 67:5; 90:5; 120:5; 130:5; 136:5; 137:5; 138:5; 139:5,0,,c,script_91.json
mateusoliveiraps/k6_estudos,https://github.com/mateusoliveiraps/k6_estudos,k6-smoke.js,yes,,0,,0,,8,45:21; 63:23; 87:24; 104:25; 131:23; 150:27; 167:32; 230:27,0,,c,script_92.json
trangle-sioux/k6-performance,https://github.com/trangle-sioux/k6-performance,tests/section4/http-delete.js,yes,,0,,0,,8,12:5; 22:15; 40:5; 49:11; 67:11; 81:11; 98:11; 113:11,0,,c,script_93.json
Chris-Owusu/k6,https://github.com/Chris-Owusu/k6,real-test.js,yes,,0,,0,,8,39:15; 56:11; 80:11; 96:11; 116:11; 132:11; 156:11; 178:11,0,,c,script_94.json
nicolevanderhoeven/k6-scripts,https://github.com/nicolevanderhoeven/k6-scripts,expoqa/browser.js,yes,,0,,0,,8,22:5; 33:5; 51:5; 63:5; 82:5; 93:5; 104:5; 121:5,0,,c,script_95.json
trangle-sioux/k6-performance,https://github.com/trangle-sioux/k6-performance,tests/section4/http-patch.js,yes,,0,,0,,7,13:5; 23:15; 41:5; 50:11; 68:11; 82:11; 99:11,0,,c,script_96.json
notmattpress/poocommerce,https://github.com/notmattpress/poocommerce,plugins/woocommerce/tests/performance/requests/merchant/orders.js,yes,,0,,0,,7,73:3; 117:4; 129:4; 142:4; 159:15; 167:4; 192:4,0,,c,script_97.json
notmattpress/poocommerce,https://github.com/notmattpress/poocommerce,plugins/woocommerce/tests/performance/requests/merchant/home-wc-admin.js,yes,,0,,0,,7,53:3; 92:4; 104:4; 117:4; 142:4; 167:4; 194:4,0,,c,script_98.json
woocommerce/woocommerce,https://github.com/woocommerce/woocommerce,plugins/woocommerce/tests/performance/requests/merchant/add-order.js,yes,,0,,0,,7,5:1; 5:1; 240:21; 447:21; 690:21; 848:20; 1035:20,0,,c,script_99.json
spryker/commerce-k6-performance-tests,https://github.com/spryker/commerce-k6-performance-tests,src/pages/mp/orders.page.js,yes,,0,,0,,6,15:28; 30:33; 43:33; 58:35; 71:35; 85:34,0,,c,script_100.json
trangle-sioux/k6-performance,https://github.com/trangle-sioux/k6-performance,tests/section6/k6-test-api-tags.js,yes,,0,,0,,6,41:15; 61:11; 107:11; 149:11; 176:11; 201:11,0,,c,script_101.json
spryker/commerce-k6-performance-tests,https://github.com/spryker/commerce-k6-performance-tests,src/resources/abstract.resource.js,yes,,0,,0,,5,19:22; 32:22; 41:22; 50:22; 58:12,0,,c,script_102.json
JamesGrant1811/k6-udemy,https://github.com/JamesGrant1811/k6-udemy,expected-response.js,yes,,0,,0,,4,17:19; 21:13; 22:13; 28:9,0,,c,script_103.json
edusoftpro/js-k6,https://github.com/edusoftpro/js-k6,k6-examples/04thresholds/z-fail-load-test-using-checks-and-tags.js,yes,,0,,0,,4,15:9; 16:3; 20:9; 21:3,0,,c,script_104.json
Challe-P/report-load-tests,https://github.com/Challe-P/report-load-tests,load-test-script.js,yes,,0,,0,,4,75:23; 81:5; 87:5; 95:5,0,,c,script_105.json
Challe-P/report-load-tests,https://github.com/Challe-P/report-load-tests,load-test-script-html-summary.js,yes,,0,,0,,4,76:23; 81:5; 87:5; 95:5,0,,c,script_106.json
dhalexkim/k6-demo,https://github.com/dhalexkim/k6-demo,scripts/http/examples/example03.js,yes,,0,,0,,4,17:19; 21:13; 22:13; 28:9,0,,c,script_107.json
trangle-sioux/k6-performance,https://github.com/trangle-sioux/k6-performance,tests/section3/expected-response.js,yes,,0,,0,,4,17:19; 21:13; 22:13; 28:9,0,,c,script_108.json
notmattpress/poocommerce,https://github.com/notmattpress/poocommerce,plugins/woocommerce/tests/performance/requests/shopper/checkout-customer-login.js,yes,,0,,0,,4,99:26; 139:20; 178:26; 218:20,0,,c,script_109.json
QAInsights/Learn-k6-Series,https://github.com/QAInsights/Learn-k6-Series,onlineBoutique/online-boutique.js,yes,,0,,0,,4,20:18; 42:26; 54:19; 63:18,0,,c,script_110.json
joanlopez/xk6-aws,https://github.com/joanlopez/xk6-aws,examples/s3.js,yes,,0,,0,,4,20:2; 28:2; 35:2; 44:2,0,,c,script_111.json
sunnynaik/k6_demo,https://github.com/sunnynaik/k6_demo,search.js,yes,,0,,0,,3,53:5; 57:16; 98:5,0,,c,script_112.json
JoanEsquivel/k6-demo,https://github.com/JoanEsquivel/k6-demo,load.js,yes,,0,,0,,3,66:20; 87:21; 89:3,0,,c,script_113.json
JoanEsquivel/k6-demo,https://github.com/JoanEsquivel/k6-demo,smoke.js,yes,,0,,0,,3,46:20; 67:21; 69:3,0,,c,script_114.json
woocommerce/woocommerce,https://github.com/woocommerce/woocommerce,plugins/woocommerce/tests/performance/requests/merchant/wp-login.js,yes,,0,,0,,3,44:3; 69:14; 83:3,0,,c,script_115.json
wnmay/horo,https://github.com/wnmay/horo,stresstest.js,yes,,0,,0,,3,43:19; 55:20; 71:18,0,,c,script_116.json
Matrics-io/k6-sdk,https://github.com/Matrics-io/k6-sdk,utils/http.js,yes,,0,,0,,3,82:20; 108:18; 110:18,0,,c,script_117.json
kucukaslan/clickhouse,https://github.com/kucukaslan/clickhouse,loadtests/stress.js,yes,,0,,0,,3,63:19; 115:23; 153:21,0,,c,script_118.json
notmattpress/poocommerce,https://github.com/notmattpress/poocommerce,plugins/woocommerce/tests/performance/requests/shopper/cart-apply-coupon.js,yes,,0,,0,,3,48:20; 111:20; 129:24,0,,c,script_119.json
truonghd113hd/testCI,https://github.com/truonghd113hd/testCI,scripts/advanced-test.js,yes,,0,,0,,3,51:19; 82:22; 160:25,0,,c,script_120.json
notmattpress/poocommerce,https://github.com/notmattpress/poocommerce,plugins/woocommerce/tests/performance/requests/shopper/my-account.js,yes,,0,,0,,3,74:14; 88:3; 109:3,0,,c,script_121.json
truonghd113hd/testCI,https://github.com/truonghd113hd/testCI,scripts/ci-test.js,yes,,0,,0,,3,36:22; 74:26; 101:25,0,,c,script_122.json
hari-p8-io/RestVsGrpc,https://github.com/hari-p8-io/RestVsGrpc,k6-gcp-rest-load.js,yes,,0,,0,,2,64:26; 87:26,0,,c,script_123.json
timpamungkasudemy/ai-assisted-testing-k6,https://github.com/timpamungkasudemy/ai-assisted-testing-k6,k6/006-thresholds/threshold-04.js,yes,,0,,0,,2,12:20; 15:3,0,,c,script_124.json
edusoftpro/js-k6,https://github.com/edusoftpro/js-k6,k6-examples/10cookies/x-cookies-with-attributes.js,yes,,0,,0,,2,5:15; 12:15,0,,c,script_125.json
RafaelFerSilva/k6,https://github.com/RafaelFerSilva/k6,documentation/11-contacts.js,yes,,0,,0,,2,10:15; 15:11,0,,c,script_126.json
hanghae-plus-5th/hhplus-e-commerce,https://github.com/hanghae-plus-5th/hhplus-e-commerce,k6/user/getUserPoint.js,yes,,0,,0,,2,10:20; 24:15,0,,c,script_127.json
tianling0625/W255repo,https://github.com/tianling0625/W255repo,main/labs/project/load.js,yes,,0,,0,,2,46:21; 52:25,0,,c,script_128.json
Felipe-builder/k6s-study,https://github.com/Felipe-builder/k6s-study,modulo2/9-groups.js,yes,,0,,0,,2,20:18; 27:18,0,,c,script_129.json
KakoF/Template_Distributed_Arch,https://github.com/KakoF/Template_Distributed_Arch,Docs/K6/modulo3_conceitos_importantes/aula17.js,yes,,0,,0,,2,14:27; 22:27,0,,c,script_130.json
MatheusGFritzke/chaos-test,https://github.com/MatheusGFritzke/chaos-test,load-generator/basic-load.js,yes,,0,,0,,2,66:18; 81:14,0,,c,script_131.json
olgaStadnyk/k6-learning,https://github.com/olgaStadnyk/k6-learning,project/tests/api/03.average.js,yes,,2,16:18; 16:29,0,,0,,0,,a,script_132.json
RafaelFerSilva/k6,https://github.com/RafaelFerSilva/k6,documentation/11-coinflip.js,yes,,0,,0,,2,10:15; 15:11,0,,c,script_133.json
RafaelFerSilva/k6,https://github.com/RafaelFerSilva/k6,curso_k6/modulo3/10-groups.js,yes,,0,,0,,2,14:23; 22:23,0,,c,script_134.json
notmattpress/poocommerce,https://github.com/notmattpress/poocommerce,plugins/woocommerce/tests/performance/setup/cart-checkout-shortcode.js,yes,,0,,0,,2,97:25; 98:29,0,,c,script_135.json
nicolevanderhoeven/k6-scripts,https://github.com/nicolevanderhoeven/k6-scripts,testdata-simple.js,yes,,0,,0,,2,9:20; 22:16,0,,c,script_136.json
edusoftpro/js-k6,https://github.com/edusoftpro/js-k6,k6-examples/10cookies/vus-inspecting-cookies-in-the-jar.js,yes,,0,,0,,2,5:15; 8:15,0,,c,script_137.json
woocommerce/woocommerce,https://github.com/woocommerce/woocommerce,plugins/woocommerce/tests/performance/utils.js,yes,,0,,0,,2,26:2; 46:19,0,,c,script_138.json
olgaStadnyk/k6-learning,https://github.com/olgaStadnyk/k6-learning,browser-test/browser_and_http.js,yes,,0,,0,,2,92:5; 106:5,0,,c,script_139.json
dhalexkim/k6-demo,https://github.com/dhalexkim/k6-demo,scripts/http/examples/example01.js,yes,,0,,0,,2,34:13; 50:9,0,,c,script_140.json
LUCASCNASC/k6-petstore,https://github.com/LUCASCNASC/k6-petstore,aulas/aula17.js,yes,,0,,0,,2,14:27; 22:27,0,,c,script_141.json
woocommerce/woocommerce,https://github.com/woocommerce/woocommerce,plugins/woocommerce/tests/performance/setup/cart-checkout-shortcode.js,yes,,0,,0,,2,97:25; 98:29,0,,c,script_142.json
alfarisg34/Tugas-Bootcamp-QA,https://github.com/alfarisg34/Tugas-Bootcamp-QA,12. Learn K6/playground/group.js,yes,,0,,0,,2,6:15; 15:16,0,,c,script_143.json
spryker/commerce-k6-performance-tests,https://github.com/spryker/commerce-k6-performance-tests,src/pages/yves/cart.page.js,yes,,0,,0,,2,16:22; 38:22,0,,c,script_144.json
bcgov/healthgateway,https://github.com/bcgov/healthgateway,Testing/k6/inc/common.js,yes,,0,,0,,2,504:13; 509:17,0,,c,script_145.json
jeffotoni/gusermelicrud,https://github.com/jeffotoni/gusermelicrud,k6/script-post.js,yes,,0,,1,23:1,0,,0,,b,script_146.json
criscarlolm/k6-kubernetes-aws-loadtest,https://github.com/criscarlolm/k6-kubernetes-aws-loadtest,eks/js/tcm-6339-aws.js,yes,,0,,0,,0,,1,10:12,d,script_147.json
timpamungkasudemy/ai-assisted-testing-k6,https://github.com/timpamungkasudemy/ai-assisted-testing-k6,k6/006-thresholds/ai/ai-threshold-01.js,yes,,0,,1,19:1,0,,0,,b,script_148.json
ViktorNovak1/DBI-Projekt-5DHIF-Wintersemester-Novak-Gregorich,https://github.com/ViktorNovak1/DBI-Projekt-5DHIF-Wintersemester-Novak-Gregorich,loadTesting/Find_Projection/postgres.js,yes,,0,,0,,0,,1,9:12,d,script_149.json
umbrellerde/functionfusion,https://github.com/umbrellerde/functionfusion,evalScripts/split/generateConfigurations/k6/6.js,yes,,0,,0,,0,,1,5:14,d,script_150.json
yangahh/concert-ticket-reservation,https://github.com/yangahh/concert-ticket-reservation,docs/k6/get_seats_script_200tps.js,yes,,0,,0,,1,14:19,0,,c,script_151.json
timpamungkasudemy/ai-assisted-testing-k6,https://github.com/timpamungkasudemy/ai-assisted-testing-k6,k6/006-thresholds/ai/ai-threshold-02.js,yes,,0,,1,6:1,0,,0,,b,script_152.json
tonnarruda/k6_performanceTesting,https://github.com/tonnarruda/k6_performanceTesting,modulo3_conceitos_importantes/aula13.js,yes,,0,,0,,0,,1,4:14,d,script_153.json
ttu/securing-web-api,https://github.com/ttu/securing-web-api,scenarios/scenario_1.js,yes,,0,,0,,0,,1,33:14,d,script_154.json
jsvitorm/ponderadasemana9m9,https://github.com/jsvitorm/ponderadasemana9m9,src/smoke.js,yes,,0,,0,,0,,1,4:12,d,script_155.json
steverzag/result-pattern-exception-handling-demo,https://github.com/steverzag/result-pattern-exception-handling-demo,apitest-v4.create-user.js,yes,,0,,0,,0,,1,4:14,d,script_156.json
Matrics-io/k6-sdk,https://github.com/Matrics-io/k6-sdk,templates/ramp.js,yes,,0,,0,,1,247:26,0,,c,script_157.json
spryker/commerce-k6-performance-tests,https://github.com/spryker/commerce-k6-performance-tests,src/tests/cart-reorder/SAPI15_cart_reorder_50.test.js,yes,,0,,0,,0,,1,30:14,d,script_158.json
criscarlolm/k6-kubernetes-aws-loadtest,https://github.com/criscarlolm/k6-kubernetes-aws-loadtest,eks/js/tcm-6445.js,yes,,0,,0,,0,,1,5:12,d,script_159.json
yangahh/concert-ticket-reservation,https://github.com/yangahh/concert-ticket-reservation,docs/k6/index_test_concert_script.js,yes,,0,,0,,0,,1,6:14,d,script_160.json
timpamungkasudemy/ai-assisted-testing-k6,https://github.com/timpamungkasudemy/ai-assisted-testing-k6,k6/004-working-with-http/http-get-two.js,yes,,0,,1,6:1,0,,0,,b,script_161.json
khulnasoft/kenbench,https://github.com/khulnasoft/kenbench,examples/postgres/single-insert/terraform/k6/load.js,yes,,0,,0,,0,,1,36:14,d,script_162.json
NhanNguyen20/event-planning-management-system,https://github.com/NhanNguyen20/event-planning-management-system,server/K6TestingScript/rate-limit-not-breach-test.js,yes,,0,,0,,0,,1,4:12,d,script_163.json
LUCASCNASC/k6-petstore,https://github.com/LUCASCNASC/k6-petstore,smoke/user/get_user_username.js,yes,,0,,0,,0,,1,4:14,d,script_164.json
spryker/commerce-k6-performance-tests,https://github.com/spryker/commerce-k6-performance-tests,src/tests/category/S25_category_filter.test.js,yes,,0,,0,,0,,1,23:14,d,script_165.json
horadoqa/scripts-k6,https://github.com/horadoqa/scripts-k6,paralelo/script.js,yes,,0,,0,,0,,1,4:14,d,script_166.json
umbrellerde/functionfusion,https://github.com/umbrellerde/functionfusion,evalScripts/split/generateConfigurations/k6/8.js,yes,,0,,0,,0,,1,5:14,d,script_167.json
trangle-sioux/k6-performance,https://github.com/trangle-sioux/k6-performance,tests/section3/lifecycle.js,yes,,0,,0,,0,,1,4:14,d,script_168.json
agussyahrilmubarok/course-assignments,https://github.com/agussyahrilmubarok/course-assignments,fc-msa-gocoupon/k6/v4/09-testFindCouponByUser_shouldSuccess.js,yes,,0,,0,,0,,1,4:12,d,script_169.json
elistjames/seng533-project,https://github.com/elistjames/seng533-project,lambda_multi.js,yes,,0,,0,,0,,1,4:12,d,script_170.json
LUCASCNASC/k6-petstore,https://github.com/LUCASCNASC/k6-petstore,smoke/store/get_store_inventory.js,yes,,0,,0,,0,,1,4:14,d,script_171.json
RafaelFerSilva/k6,https://github.com/RafaelFerSilva/k6,testing_guides/5-spike_testing.js,yes,,0,,0,,0,,1,4:14,d,script_172.json
ArqSoftPractica/223987-235861-184019-back-obli2,https://github.com/ArqSoftPractica/223987-235861-184019-back-obli2,k6/k6-provider-purchases-test-user.js,yes,,0,,0,,0,,1,7:14,d,script_173.json
venuthomas/API_7_Ways,https://github.com/venuthomas/API_7_Ways,K6Testing/GetAllEmployeeK6/GetAllEmployeeCacheCarter.js,yes,,0,,1,9:1,0,,0,,b,script_174.json
RafaelFerSilva/k6,https://github.com/RafaelFerSilva/k6,testing_guides/2-average_load_testing.js,yes,,0,,0,,0,,1,4:14,d,script_175.json
supabase/benchmarks,https://github.com/supabase/benchmarks,examples/supavisor/single-insert/k6/load.js,yes,,0,,0,,0,,1,36:14,d,script_176.json
venuthomas/API_7_Ways,https://github.com/venuthomas/API_7_Ways,K6Testing/GetAllEmployeeK6/GetAllEmployeeCarter.js,yes,,0,,1,9:1,0,,0,,b,script_177.json
umbrellerde/functionfusion,https://github.com/umbrellerde/functionfusion,evalScripts/splittest/generateConfigurations/k6/7.js,yes,,0,,0,,0,,1,5:14,d,script_178.json
LUCASCNASC/k6-petstore,https://github.com/LUCASCNASC/k6-petstore,smoke/user/post_user.js,yes,,0,,0,,0,,1,4:14,d,script_179.json
ViktorNovak1/DBI-Projekt-5DHIF-Wintersemester-Novak-Gregorich,https://github.com/ViktorNovak1/DBI-Projekt-5DHIF-Wintersemester-Novak-Gregorich,loadTesting/Find_Filter/mongo_embed.js,yes,,0,,0,,0,,1,9:12,d,script_180.json
LUCASCNASC/k6-petstore,https://github.com/LUCASCNASC/k6-petstore,smoke/store/delete_store_order_orderId.js,yes,,0,,0,,0,,1,4:14,d,script_181.json
criscarlolm/k6-kubernetes-aws-loadtest,https://github.com/criscarlolm/k6-kubernetes-aws-loadtest,eks/js/tcm-6336-vu1.js,yes,,0,,0,,0,,1,10:12,d,script_182.json
spryker/commerce-k6-performance-tests,https://github.com/spryker/commerce-k6-performance-tests,src/tests/order-amendment/SAPI16_order_amendment_50.test.js,yes,,0,,0,,0,,1,40:14,d,script_183.json
criscarlolm/k6-kubernetes-aws-loadtest,https://github.com/criscarlolm/k6-kubernetes-aws-loadtest,eks/js/tcm-6440.js,yes,,0,,0,,0,,1,5:12,d,script_184.json
LUCASCNASC/k6-petstore,https://github.com/LUCASCNASC/k6-petstore,smoke/pet/post_pet_petId.js,yes,,0,,0,,0,,1,4:14,d,script_185.json
rdpanek/k6,https://github.com/rdpanek/k6,demos/features/metrics-gauge-thresholds.js,yes,,0,,1,29:1,0,,0,,b,script_186.json
agussyahrilmubarok/course-assignments,https://github.com/agussyahrilmubarok/course-assignments,fc-msa-gocoupon/k6/v2/01-testCouponPolicyDummy_shouldSuccess.js,yes,,0,,0,,0,,1,4:12,d,script_187.json
timpamungkasudemy/ai-assisted-testing-k6,https://github.com/timpamungkasudemy/ai-assisted-testing-k6,k6/010-test-data/ai/ai-test-data-03.js,yes,,0,,1,22:1,0,,0,,b,script_188.json
criscarlolm/k6-kubernetes-aws-loadtest,https://github.com/criscarlolm/k6-kubernetes-aws-loadtest,eks/js/tcm-6338-aws.js,yes,,0,,0,,0,,1,10:12,d,script_189.json
JamesGrant1811/k6-udemy,https://github.com/JamesGrant1811/k6-udemy,lifecycle.js,yes,,0,,0,,0,,1,4:14,d,script_190.json
byounghoon95/concert-ticketing,https://github.com/byounghoon95/concert-ticketing,k6/concert/getAvailableDates.js,yes,,0,,0,,0,,1,4:14,d,script_191.json
IceScout26/swagger-petstore-sqa,https://github.com/IceScout26/swagger-petstore-sqa,user_s1/userBasic_performance.js,yes,,0,,0,,0,,1,8:14,d,script_192.json
agussyahrilmubarok/course-assignments,https://github.com/agussyahrilmubarok/course-assignments,fc-msa-gocoupon/k6/__tmp__/v3/01-testCouponPolicyDummy_shouldSuccess.js,yes,,0,,0,,0,,1,4:12,d,script_193.json
supabase/benchmarks,https://github.com/supabase/benchmarks,examples/realtime/filters/loader.js,yes,,0,,0,,0,,1,33:14,d,script_194.json
arn-ob/script-load-testing,https://github.com/arn-ob/script-load-testing,specs/testing_v1/flow-service/hp-flow-service-flow-vertical-k12.js,yes,,0,,0,,0,,1,5:12,d,script_195.json
horadoqa/scripts-k6,https://github.com/horadoqa/scripts-k6,json/horadoqa/post.js,yes,,0,,0,,0,,1,5:14,d,script_196.json
arn-ob/script-load-testing,https://github.com/arn-ob/script-load-testing,specs/testing_v1/discovery-service/discovery-program-free-product.js,yes,,0,,0,,0,,1,5:12,d,script_197.json
arn-ob/script-load-testing,https://github.com/arn-ob/script-load-testing,specs/others/hudai.js,yes,,0,,0,,0,,1,12:12,d,script_198.json
LUCASCNASC/k6-petstore,https://github.com/LUCASCNASC/k6-petstore,aulas/aula19.js,yes,,0,,1,5:1,0,,0,,b,script_199.json
agussyahrilmubarok/course-assignments,https://github.com/agussyahrilmubarok/course-assignments,fc-msa-gocoupon/k6/v2/08-testFindCouponByCode_shouldSuccess.js,yes,,0,,0,,0,,1,4:12,d,script_200.json
ViktorNovak1/DBI-Projekt-5DHIF-Wintersemester-Novak-Gregorich,https://github.com/ViktorNovak1/DBI-Projekt-5DHIF-Wintersemester-Novak-Gregorich,loadTesting/Find/mongo_ref.js,yes,,0,,0,,0,,1,9:12,d,script_201.json
Matrics-io/k6-sdk,https://github.com/Matrics-io/k6-sdk,templates/load.js,yes,,0,,0,,1,101:26,0,,c,script_202.json
ViktorNovak1/DBI-Projekt-5DHIF-Wintersemester-Novak-Gregorich,https://github.com/ViktorNovak1/DBI-Projekt-5DHIF-Wintersemester-Novak-Gregorich,loadTesting/Violate_Schema/mongo_schema.js,yes,,0,,0,,0,,1,12:12,d,script_203.json
arn-ob/script-load-testing,https://github.com/arn-ob/script-load-testing,specs/testing_v1/discovery-service/hp-discovry-product-variants.js,yes,,0,,0,,0,,1,5:12,d,script_204.json
khulnasoft/kenbench,https://github.com/khulnasoft/kenbench,examples/realtime/rls/terraform/k6/loader.js,yes,,0,,0,,0,,1,39:14,d,script_205.json
yangahh/concert-ticket-reservation,https://github.com/yangahh/concert-ticket-reservation,docs/k6/index_test_seat_script.js,yes,,0,,0,,0,,1,6:14,d,script_206.json
venuthomas/API_7_Ways,https://github.com/venuthomas/API_7_Ways,K6Testing/GetAllEmployeeK6/GetAllEmployeeController.js,yes,,0,,1,9:1,0,,0,,b,script_207.json
cristianlopera24/PetStore_Performance,https://github.com/cristianlopera24/PetStore_Performance,cases/store/postStoreOrderTest.js,yes,,0,,0,,0,,1,12:12,d,script_208.json
elrison/test-k6,https://github.com/elrison/test-k6,aula1 copy.js,yes,,0,,0,,0,,1,5:14,d,script_209.json
ViktorNovak1/DBI-Projekt-5DHIF-Wintersemester-Novak-Gregorich,https://github.com/ViktorNovak1/DBI-Projekt-5DHIF-Wintersemester-Novak-Gregorich,loadTesting/Find_Projection/mongo_embed_index.js,yes,,0,,0,,0,,1,9:12,d,script_210.json
agussyahrilmubarok/course-assignments,https://github.com/agussyahrilmubarok/course-assignments,fc-msa-gocoupon/k6/v3/101-testIssueCoupon_whenHave10QoutaAnd100Request.js,yes,,0,,1,17:1,0,,0,,b,script_211.json
steverzag/result-pattern-exception-handling-demo,https://github.com/steverzag/result-pattern-exception-handling-demo,apitest-v2.create-user.js,yes,,0,,0,,0,,1,4:14,d,script_212.json
ViktorNovak1/DBI-Projekt-5DHIF-Wintersemester-Novak-Gregorich,https://github.com/ViktorNovak1/DBI-Projekt-5DHIF-Wintersemester-Novak-Gregorich,loadTesting/Find_Aggregation_OfferCount/mongo_schema.js,yes,,0,,0,,0,,1,9:12,d,script_213.json
rdpanek/k6,https://github.com/rdpanek/k6,demos/features/metrics-rate-thresholds.js,yes,,0,,1,25:1,0,,0,,b,script_214.json
mussebekabil/messaging-app,https://github.com/mussebekabil/messaging-app,k6-scripts/api-create-message.js,yes,,0,,0,,0,,1,5:14,d,script_215.json
IceScout26/swagger-petstore-sqa,https://github.com/IceScout26/swagger-petstore-sqa,pet_s3/postPetId_compatibility.js,yes,,0,,0,,0,,1,4:12,d,script_216.json
yangahh/concert-ticket-reservation,https://github.com/yangahh/concert-ticket-reservation,docs/k6/get_seats_script_150tps.js,yes,,0,,0,,1,14:19,0,,c,script_217.json
RafaelFerSilva/k6,https://github.com/RafaelFerSilva/k6,testing_guides/12-parameters.js,yes,,0,,0,,0,,1,9:14,d,script_218.json
arn-ob/script-load-testing,https://github.com/arn-ob/script-load-testing,specs/testing_v1/k12-course-service/hp-k12-programe-admission.js,yes,,0,,0,,0,,1,5:12,d,script_219.json
Matrics-io/k6-sdk,https://github.com/Matrics-io/k6-sdk,templates/baseline.js,yes,,0,,0,,1,209:26,0,,c,script_220.json
arn-ob/script-load-testing,https://github.com/arn-ob/script-load-testing,specs/parallel/skill/cart-service-carts.js,yes,,0,,0,,0,,1,5:12,d,script_221.json
agussyahrilmubarok/course-assignments,https://github.com/agussyahrilmubarok/course-assignments,fc-msa-gocoupon/k6/__tmp__/v2/09-testFindCouponByUser_shouldSuccess.js,yes,,0,,0,,0,,1,4:12,d,script_222.json
IceScout26/swagger-petstore-sqa,https://github.com/IceScout26/swagger-petstore-sqa,pet_s3/getPetFindByStatus_relibility.js,yes,,0,,0,,0,,1,8:14,d,script_223.json
spryker/commerce-k6-performance-tests,https://github.com/spryker/commerce-k6-performance-tests,src/tests/product-details/SAPI3_product_details_retrieve_information_1.test.js,yes,,0,,0,,0,,1,23:14,d,script_224.json
agussyahrilmubarok/course-assignments,https://github.com/agussyahrilmubarok/course-assignments,fc-msa-gocoupon/k6/__tmp__/v3/106-testIssueCoupon_shouldSucces_concurrencyTest-1k.js,yes,,0,,1,27:1,0,,0,,b,script_225.json
agussyahrilmubarok/course-assignments,https://github.com/agussyahrilmubarok/course-assignments,fc-msa-gocoupon/k6/v4/03-testIssueCoupon_invalidPeriod.js,yes,,0,,0,,0,,1,4:12,d,script_226.json
adhirajkinlekar/docker-tools,https://github.com/adhirajkinlekar/docker-tools,KIB/k6/load.js,yes,,0,,0,,0,,1,6:12,d,script_227.json
agussyahrilmubarok/course-assignments,https://github.com/agussyahrilmubarok/course-assignments,fc-msa-gocoupon/k6/__tmp__/v1/05-testIssueCoupon_shouldSucces.js,yes,,0,,0,,0,,1,4:12,d,script_228.json
JavierSpartan-117/SQA_Semana_9,https://github.com/JavierSpartan-117/SQA_Semana_9,pruebaCarga.js,yes,,0,,0,,0,,1,4:12,d,script_229.json
ViktorNovak1/DBI-Projekt-5DHIF-Wintersemester-Novak-Gregorich,https://github.com/ViktorNovak1/DBI-Projekt-5DHIF-Wintersemester-Novak-Gregorich,loadTesting/Find_Filter/postgres.js,yes,,0,,0,,0,,1,9:12,d,script_230.json
edusoftpro/js-k6,https://github.com/edusoftpro/js-k6,k6-apijs-examples/10metrics/gauges.js,yes,,0,,1,13:1,0,,0,,b,script_231.json
jsvitorm/ponderadasemana9m9,https://github.com/jsvitorm/ponderadasemana9m9,src/carga.js,yes,,0,,0,,0,,1,4:12,d,script_232.json
ViktorNovak1/DBI-Projekt-5DHIF-Wintersemester-Novak-Gregorich,https://github.com/ViktorNovak1/DBI-Projekt-5DHIF-Wintersemester-Novak-Gregorich,loadTesting/Find_Filter_Projection/mongo_ref_index.js,yes,,0,,0,,0,,1,9:12,d,script_233.json
avp365/hl-sn,https://github.com/avp365/hl-sn,.infra/srv/k6/scripts/1r.js,yes,,0,,1,11:1,0,,0,,b,script_234.json
RafaelFerSilva/k6,https://github.com/RafaelFerSilva/k6,testing_guides/10-check_status.js,yes,,0,,0,,0,,1,4:14,d,script_235.json
f-lab-edu/baller,https://github.com/f-lab-edu/baller,script/k6/script.js,yes,,0,,0,,0,,1,5:12,d,script_236.json
RafaelFerSilva/k6,https://github.com/RafaelFerSilva/k6,curso_k6/modulo3/12 - environment.js,yes,,0,,1,4:1,0,,0,,b,script_237.json
spryker/commerce-k6-performance-tests,https://github.com/spryker/commerce-k6-performance-tests,src/tests/product/S8_product_detail_page.test.js,yes,,0,,0,,0,,1,24:14,d,script_238.json
elrison/test-k6,https://github.com/elrison/test-k6,enviroment.js,yes,,0,,1,5:1,0,,0,,b,script_239.json
arn-ob/script-load-testing,https://github.com/arn-ob/script-load-testing,specs/testing_v1/k12-course-service/hp-k12-programe-batch_id.js,yes,,0,,0,,0,,1,5:12,d,script_240.json
IceScout26/swagger-petstore-sqa,https://github.com/IceScout26/swagger-petstore-sqa,user_s1/logout_performance.js,yes,,0,,0,,0,,1,8:14,d,script_241.json
IceScout26/swagger-petstore-sqa,https://github.com/IceScout26/swagger-petstore-sqa,pet_s3/postPetId_relibility.js,yes,,0,,0,,0,,1,8:14,d,script_242.json
saksham012345/trek-tribe,https://github.com/saksham012345/trek-tribe,k6/ticket_creation.js,yes,,0,,0,,0,,1,4:12,d,script_243.json
agussyahrilmubarok/course-assignments,https://github.com/agussyahrilmubarok/course-assignments,fc-msa-gocoupon/k6/__tmp__/v1/07-testCancelCoupon_shouldSuccess.js,yes,,0,,0,,0,,1,4:12,d,script_244.json
spryker/commerce-k6-performance-tests,https://github.com/spryker/commerce-k6-performance-tests,src/tests/cart/SAPI31_guest_cart_items.test.js,yes,,0,,0,,0,,1,29:14,d,script_245.json
agussyahrilmubarok/course-assignments,https://github.com/agussyahrilmubarok/course-assignments,fc-msa-gocoupon/k6/v1/102-testIssueCoupon_whenHave100QoutaAnd1000Request.js,yes,,0,,1,17:1,0,,0,,b,script_246.json
timpamungkasudemy/ai-assisted-testing-k6,https://github.com/timpamungkasudemy/ai-assisted-testing-k6,k6/004-working-with-http/http-delete-one.js,yes,,0,,1,6:1,0,,0,,b,script_247.json
umbrellerde/functionfusion,https://github.com/umbrellerde/functionfusion,evalScripts/splittest/generateConfigurations/k6/8.js,yes,,0,,0,,0,,1,5:14,d,script_248.json
IceScout26/swagger-petstore-sqa,https://github.com/IceScout26/swagger-petstore-sqa,pet_s3/deletePetId_performance.js,yes,,0,,0,,0,,1,8:14,d,script_249.json
Napat/k6_loadtest,https://github.com/Napat/k6_loadtest,04_check_thresholds/02_thresholds.js,yes,,0,,1,21:1,0,,0,,b,script_250.json
spryker/commerce-k6-performance-tests,https://github.com/spryker/commerce-k6-performance-tests,src/tests/checkout/SAPI7_checkout_1.test.js,yes,,0,,0,,0,,1,26:14,d,script_251.json
Parallels/prl-devops-service,https://github.com/Parallels/prl-devops-service,loadtest/authorization.js,yes,,0,,0,,0,,1,4:14,d,script_252.json
avp365/hl-sn,https://github.com/avp365/hl-sn,.infra/srv/k6/scripts/1000r.js,yes,,0,,1,11:1,0,,0,,b,script_253.json
hari-p8-io/RestVsGrpc,https://github.com/hari-p8-io/RestVsGrpc,k6-rest.js,yes,,0,,0,,0,,1,4:12,d,script_254.json
IceScout26/swagger-petstore-sqa,https://github.com/IceScout26/swagger-petstore-sqa,user_s1/createWithArray_usability.js,yes,,0,,0,,0,,1,4:12,d,script_255.json
byounghoon95/concert-ticketing,https://github.com/byounghoon95/concert-ticketing,k6/concert/getAvailableSeats.js,yes,,0,,0,,0,,1,4:14,d,script_256.json
spryker/commerce-k6-performance-tests,https://github.com/spryker/commerce-k6-performance-tests,src/tests/product-search/SAPI2_product_search_by_sku_1.test.js,yes,,0,,0,,0,,1,24:14,d,script_257.json
criscarlolm/k6-kubernetes-aws-loadtest,https://github.com/criscarlolm/k6-kubernetes-aws-loadtest,eks/js/tcm-6455.js,yes,,0,,0,,0,,1,5:12,d,script_258.json
timpamungkasudemy/ai-assisted-testing-k6,https://github.com/timpamungkasudemy/ai-assisted-testing-k6,k6/002-k6-command-line/ai/ai-run-me-with-sleep.js,yes,,0,,1,7:1,0,,0,,b,script_259.json
ViktorNovak1/DBI-Projekt-5DHIF-Wintersemester-Novak-Gregorich,https://github.com/ViktorNovak1/DBI-Projekt-5DHIF-Wintersemester-Novak-Gregorich,loadTesting/Find_Filter/mongo_embed_index.js,yes,,0,,0,,0,,1,9:12,d,script_260.json
criscarlolm/k6-kubernetes-aws-loadtest,https://github.com/criscarlolm/k6-kubernetes-aws-loadtest,eks/js/tcm-6215-vu1.js,yes,,0,,0,,0,,1,5:12,d,script_261.json
arn-ob/script-load-testing,https://github.com/arn-ob/script-load-testing,specs/testing_v1/notice-service/hp-skill-notice-service-notices-ind-segment.js,yes,,0,,0,,0,,1,5:12,d,script_262.json
LUCASCNASC/k6-petstore,https://github.com/LUCASCNASC/k6-petstore,smoke/user/get_user_logout.js,yes,,0,,0,,0,,1,4:14,d,script_263.json
supabase/benchmarks,https://github.com/supabase/benchmarks,examples/realtime/200k/terraform/k6/loader.js,yes,,0,,0,,0,,1,39:14,d,script_264.json
AbnerSilvaBarbosa/Test_K6,https://github.com/AbnerSilvaBarbosa/Test_K6,8-env.js,yes,,0,,1,6:1,0,,0,,b,script_265.json
spryker/commerce-k6-performance-tests,https://github.com/spryker/commerce-k6-performance-tests,src/tests/order-management/SAPI38_order_history_view_10_70.test.js,yes,,0,,0,,0,,1,34:14,d,script_266.json
arn-ob/script-load-testing,https://github.com/arn-ob/script-load-testing,specs/testing_v1/skillup-service/hp-skillup-premium-content.js,yes,,0,,0,,0,,1,5:12,d,script_267.json
steverzag/result-pattern-exception-handling-demo,https://github.com/steverzag/result-pattern-exception-handling-demo,apitest-v1.create-user.js,yes,,0,,0,,0,,1,4:14,d,script_268.json
trangle-sioux/k6-performance,https://github.com/trangle-sioux/k6-performance,tests/section7/insecure-request.js,yes,,0,,1,6:1,0,,0,,b,script_269.json
suryana-code/Performance-Test-With-K6,https://github.com/suryana-code/Performance-Test-With-K6,Test API K6/AUTH/logout.js,yes,,0,,0,,0,,1,7:14,d,script_270.json
timpamungkasudemy/ai-assisted-testing-k6,https://github.com/timpamungkasudemy/ai-assisted-testing-k6,k6/003-test-options/run-me-without-options.js,yes,,0,,1,6:1,0,,0,,b,script_271.json
ViktorNovak1/DBI-Projekt-5DHIF-Wintersemester-Novak-Gregorich,https://github.com/ViktorNovak1/DBI-Projekt-5DHIF-Wintersemester-Novak-Gregorich,loadTesting/Find_Projection_Sort/postgres.js,yes,,0,,0,,0,,1,9:12,d,script_272.json
umbrellerde/functionfusion,https://github.com/umbrellerde/functionfusion,evalScripts/splittest/generateConfigurations/k6/3.js,yes,,0,,0,,0,,1,5:14,d,script_273.json
criscarlolm/k6-kubernetes-aws-loadtest,https://github.com/criscarlolm/k6-kubernetes-aws-loadtest,eks/js/tcm-6443-aws.js,yes,,0,,0,,0,,1,5:12,d,script_274.json
criscarlolm/k6-kubernetes-aws-loadtest,https://github.com/criscarlolm/k6-kubernetes-aws-loadtest,eks/js/tcm-6240.js,yes,,0,,0,,0,,1,10:12,d,script_275.json
elistjames/seng533-project,https://github.com/elistjames/seng533-project,lambda_single.js,yes,,0,,0,,0,,1,4:12,d,script_276.json
umbrellerde/functionfusion,https://github.com/umbrellerde/functionfusion,evalScripts/split/generateConfigurations/k6/2.js,yes,,0,,0,,0,,1,5:14,d,script_277.json
supabase/benchmarks,https://github.com/supabase/benchmarks,examples/postgres/single-insert/terraform/k6/load.js,yes,,0,,0,,0,,1,36:14,d,script_278.json
ArqSoftPractica/223987-235861-184019-back-obli2,https://github.com/ArqSoftPractica/223987-235861-184019-back-obli2,k6/k6.js,yes,,0,,0,,0,,1,6:14,d,script_279.json
Arch-Frost/Tripify,https://github.com/Arch-Frost/Tripify,server/k6_Testing/authenticate1000.js,yes,,0,,0,,0,,1,4:12,d,script_280.json
Napat/k6_loadtest,https://github.com/Napat/k6_loadtest,13_k6_cloud/script.js,yes,,0,,1,19:1,0,,0,,b,script_281.json
cristianlopera24/PetStore_Performance,https://github.com/cristianlopera24/PetStore_Performance,cases/store/getStoreOrderTest.js,yes,,0,,0,,0,,1,14:12,d,script_282.json
criscarlolm/k6-kubernetes-aws-loadtest,https://github.com/criscarlolm/k6-kubernetes-aws-loadtest,eks/js/tcm-6240-test-vu1.js,yes,,0,,0,,0,,1,10:12,d,script_283.json
agussyahrilmubarok/course-assignments,https://github.com/agussyahrilmubarok/course-assignments,fc-msa-gocoupon/k6/__tmp__/v1/106-testIssueCoupon_shouldSucces_concurrencyTest-1k.js,yes,,0,,1,33:1,0,,0,,b,script_284.json
spryker/commerce-k6-performance-tests,https://github.com/spryker/commerce-k6-performance-tests,src/tests/cart/SAPI32_cart_by_id_70.test.js,yes,,0,,0,,0,,1,25:14,d,script_285.json
supabase/benchmarks,https://github.com/supabase/benchmarks,examples/realtime/rls/terraform/k6/loader.js,yes,,0,,0,,0,,1,39:14,d,script_286.json
edusoftpro/js-k6,https://github.com/edusoftpro/js-k6,examples/02script.js,yes,,0,,0,,0,,1,4:14,d,script_287.json
spryker/commerce-k6-performance-tests,https://github.com/spryker/commerce-k6-performance-tests,src/tests/order-amendment/SAPI20_order_amendment_70.test.js,yes,,0,,0,,0,,1,40:14,d,script_288.json
avp365/hl-sn,https://github.com/avp365/hl-sn,.infra/srv/k6/scripts/100r.js,yes,,0,,1,11:1,0,,0,,b,script_289.json
spryker/commerce-k6-performance-tests,https://github.com/spryker/commerce-k6-performance-tests,src/tests/cart/SAPI34_remova_cart_items.test.js,yes,,0,,0,,0,,1,29:14,d,script_290.json
unixisking/perf-benchmark,https://github.com/unixisking/perf-benchmark,k6-node.js,yes,,0,,0,,0,,1,22:14,d,script_291.json
arn-ob/script-load-testing,https://github.com/arn-ob/script-load-testing,specs/others/routine2.js,yes,,0,,0,,0,,1,29:12,d,script_292.json
criscarlolm/k6-kubernetes-aws-loadtest,https://github.com/criscarlolm/k6-kubernetes-aws-loadtest,eks/js/tcm-6336-aws.js,yes,,0,,0,,0,,1,10:12,d,script_293.json
criscarlolm/k6-kubernetes-aws-loadtest,https://github.com/criscarlolm/k6-kubernetes-aws-loadtest,eks/js/tcm-6217-vu1.js,yes,,0,,0,,0,,1,5:12,d,script_294.json
IceScout26/swagger-petstore-sqa,https://github.com/IceScout26/swagger-petstore-sqa,user_s1/putUsername_relibility.js,yes,,0,,0,,0,,1,8:14,d,script_295.json
thomas-chiang/k6_sharing,https://github.com/thomas-chiang/k6_sharing,2.5.breakpoint-test.js,yes,,0,,1,10:1,3,11:5; 14:5; 17:5,1,4:14,bcd,script_296.json
